0,7.454451778982226e-05,5375115.318622665,0.010623746324722233,0.0251464349042627
1,7.207147913396403e-05,6442285.989813255,0.011893314280178025,0.015455061803368815
2,7.13031502160598e-05,6275467.0851532705,0.011177763595504507,0.018227968497583714
3,7.263671668008419e-05,6056610.500367837,0.0189512765780663,0.007334550992878428
4,7.440459427228645e-05,5459535.071071801,0.01279260240876618,0.01566714335978666
5,7.442141683115603e-05,5372637.208053045,0.012025141711776734,0.019430415777554482
6,7.313505874238143e-05,6135901.752946511,0.018703563202469502,0.007276584943459386
7,7.269171622622605e-05,5746273.600544518,0.009459622015419191,0.034209030889975636
8,7.122176092351544e-05,5750889.173343689,0.014212398724905404,0.013639925402903194
9,7.172864639807057e-05,5736302.860736098,0.009256516700300506,0.038317083746548235
10,7.118038308015322e-05,6426196.887417571,0.012840135931352834,0.013661972901348938
11,7.223571170458391e-05,5566365.967199836,0.014655588152998677,0.012986491930861209
12,7.37375552092823e-05,5926687.248780596,0.018683942914611888,0.007506548349850126
13,7.294681662514685e-05,5422845.39735265,0.011095819073495477,0.023068308242496244
14,7.197200401734644e-05,5952172.973430699,0.008959110887628482,0.03799524252260131
15,7.133580806355152e-05,6104664.132067826,0.012989041402245797,0.014074499717990557
16,7.090937943359493e-05,5937779.6056262115,0.016576119176376296,0.009805710719848875
17,7.272024632454557e-05,6382573.501369338,0.015507356959639486,0.00949091115696207
18,7.278737139264974e-05,5802231.9797566505,0.009739614434619258,0.027653752811776254
19,7.247198846500301e-05,5783746.8847256815,0.009515464878432793,0.034397720070624305
20,7.196928438062077e-05,5819267.467483176,0.016405626262310666,0.009940761141108477
21,7.209977924348163e-05,5959827.283313217,0.009792803862174938,0.026394716373853017
22,7.350811339184274e-05,5907442.474598939,0.01417471903994898,0.012471830212809558
23,7.071337721564369e-05,5961811.710216728,0.00923011544062543,0.037490196477579736
24,7.245721307319783e-05,6152314.439114489,0.016792662639690283,0.008129062288807071
25,7.378770093017179e-05,5494058.532753876,0.012759014951454834,0.01603516431627524
26,7.11344737389835e-05,6472479.507700125,0.017128458545021933,0.007937536929081855
27,7.170564395407961e-05,5387300.708977722,0.010001849915782575,0.035844410496479295
28,7.428365911234669e-05,5900198.1172856875,0.014846533977851847,0.010734856668841405
29,7.433105847811142e-05,5620798.331047869,0.011318495357064754,0.020965641526339514
30,7.396233251395736e-05,5922062.698819445,0.009784962923452545,0.026761700929294956
31,7.332631110016657e-05,5612685.393233473,0.009988102439500829,0.02823723058069911
32,7.405263226361763e-05,5912533.542226438,0.014483869257323225,0.010565317655362377
33,7.282198672512304e-05,5619121.277672981,0.009552986702660872,0.0342901728423924
34,7.355259318826842e-05,5956694.420632752,0.011750489758303088,0.017966373217145934
35,7.244523468276418e-05,5829675.431721107,0.011829361076798849,0.019591266555043958
36,7.133382375855126e-05,5814600.580729519,0.011624372394660906,0.01845511222843604
37,7.265764978636067e-05,5765626.004830837,0.009652452262191778,0.03179175083984963
38,7.341857534968161e-05,6043252.399810474,0.012459146229258693,0.01488432924010271
39,7.259511210357458e-05,5505087.020490128,0.01009180597833023,0.031832144830159614
40,7.19482214609148e-05,6122728.614850393,0.011265152932382352,0.018385109382325977
41,7.148720056178291e-05,6392013.617939636,0.018847350189099554,0.007140402113629181
42,7.393032371235575e-05,5602649.532772758,0.016183056683191,0.010286801269426379
43,7.476265430675506e-05,5916950.703233136,0.014655193163911902,0.0107104183567273
44,7.07771630683836e-05,6406731.505982579,0.011512526223301803,0.016601134178837337
45,7.27293217897254e-05,5596762.525823648,0.009035184634798289,0.04189983817291872
46,7.409303573339223e-05,5327091.921345967,0.010610219303458072,0.026485252874510656
47,7.333948057253935e-05,5600442.332915509,0.011335755105521036,0.02086718013896527
48,7.303831424285689e-05,5694520.974444648,0.010347299119374785,0.02536228167531158
49,7.031504292434292e-05,5816964.5683718175,0.010553144965879934,0.025548241677709742
50,7.126820865431306e-05,5568774.786454543,0.008884704031138805,0.05126301944129828
51,7.175406096961483e-05,6133062.599356272,0.015784287577450633,0.010182843904156585
52,7.125907224443662e-05,5807932.041066115,0.009978508767457121,0.02913906384948804
53,7.158572185832108e-05,5532616.8086516475,0.008742870936748892,0.05454358397541617
54,7.313629685572418e-05,5891590.706307666,0.017079913061234277,0.008227993474040894
55,7.394448099553435e-05,5976267.299239886,0.011202086936190885,0.01930716308705721
56,7.298986096301182e-05,6367068.1118792,0.012274071881326606,0.013879220675223715
57,7.458820994025124e-05,5970277.311351356,0.012523490198123939,0.014056540804660907
58,7.19713770698735e-05,5852792.498202957,0.010638260574982782,0.02203144955598658
59,7.15450794396414e-05,5558575.34548898,0.00904012738684131,0.05098653238251876
60,7.353197498906738e-05,5447631.22841647,0.009926119492817775,0.03176777440149983
61,7.190876358553352e-05,6432714.814706058,0.014954598783059929,0.009638572436993193
62,7.378450637455897e-05,5986478.705956465,0.012730921480773195,0.01398022493720643
63,7.154912576444766e-05,5878622.560750052,0.01709369972424732,0.009302275903853158
64,7.492046442553202e-05,5686252.481906337,0.011891150742361033,0.01655601461948457
65,7.348712828270877e-05,5889104.465203543,0.010369876739010322,0.02401316559104828
66,7.371832160253223e-05,5759081.2263336945,0.014770256806871135,0.010898684341871084
67,7.373018600972425e-05,6056494.072667671,0.01439706760065226,0.01153121077971627
68,7.176059261888108e-05,5930412.954790378,0.014397122488203996,0.011990557786534795
69,7.296678710873567e-05,6307037.489596401,0.01399896819746306,0.011482660469234768
70,7.371546742535678e-05,5814019.365504548,0.013698573675898799,0.012529698831075983
71,7.355369185765301e-05,5415611.567587919,0.00915817174048683,0.045923296487575836
72,7.171093457242619e-05,5780988.925726684,0.010029681001430707,0.031424782120537745
73,7.399676006839172e-05,6025706.279296934,0.010826648118559653,0.019500240531847395
74,7.314219250746641e-05,5711240.657550384,0.010191720219153072,0.02890321281316786
75,7.462908309960546e-05,5375615.215752492,0.011611441416433648,0.019879925830463434
76,7.26945667080822e-05,6084678.998779849,0.010740421398749221,0.02115304095157289
77,7.02344955914002e-05,5899147.449264114,0.011687452354679807,0.02041621848026335
78,7.129065997844574e-05,6491928.263486873,0.01753830895358681,0.00789167549994372
79,7.191377007191753e-05,6068368.421680709,0.009544987746973176,0.027851596460579442
80,7.226464026595085e-05,5582748.39119338,0.009226706687179806,0.0454962025249971
81,7.347614959150716e-05,5672717.788436311,0.010331215794610424,0.024380656039251724
82,7.265327930022445e-05,5634887.057496698,0.00916193568099149,0.04035987525625505
83,7.093922684622013e-05,6239928.345033073,0.015666073301992763,0.009833305817562983
84,7.031168123880106e-05,6179832.359692973,0.012025121127336183,0.017761564555713247
85,7.227571060801362e-05,5634370.41541019,0.012871451980988553,0.01693995389019161
86,7.339804592490948e-05,5841025.945554172,0.01136379528048969,0.01872172461742363
87,7.080782139324466e-05,6581308.877315397,0.017290588582747016,0.007845841682379388
88,7.062951258452477e-05,5718807.325277949,0.010337275059058586,0.029758968452289807
89,7.170603845910348e-05,5690313.579087516,0.009975076741075721,0.031701801011087945
90,7.214167346931195e-05,5872244.609568434,0.010886672279928506,0.020294803893862443
91,7.191467568313374e-05,5961244.67580618,0.014430358634865536,0.012576050270117047
92,7.40128456764672e-05,5655251.005546358,0.010130648613386885,0.026366601669969462
93,7.125381410973826e-05,5675217.855675046,0.012662762289059895,0.017226530042278157
94,7.347423501592978e-05,5402299.102977274,0.010035210892017482,0.030571037059651227
95,7.436931214679411e-05,5447004.493124817,0.011985723566002289,0.01869818777344112
96,7.223174559170333e-05,6117570.47069876,0.01296839542944963,0.013049165563106476
97,7.155090805716781e-05,5996163.448636945,0.014733139251234418,0.011338899220796604
98,7.535733947255383e-05,5524716.143835953,0.013335763875105499,0.014129275578012529
99,7.536427568198258e-05,5836813.195738325,0.015322739461494924,0.009755771505216459
100,7.274846995226995e-05,6370814.716130606,0.01726486392702749,0.007977900312350633
101,7.014047226763257e-05,6043433.98549852,0.011302684078776992,0.020581590153831875
102,7.188992962464224e-05,6141033.8048072085,0.012484639822665808,0.014979395821137966
103,7.313033246630422e-05,5369422.404453376,0.00992244582822188,0.03403115331382793
104,7.454865007571755e-05,5534214.854109807,0.010629358206979498,0.024256485912127902
105,7.160600017693765e-05,6076727.2515450455,0.00971414772372461,0.02737531844278234
106,7.264108742103631e-05,5878686.760631953,0.01026703288711124,0.023088247722774465
107,7.301888434418463e-05,6244867.56091143,0.020266816380135253,0.006372258177516429
108,7.133094090833894e-05,5798966.643941179,0.008552679362063916,0.05434732398625047
109,7.083199416368565e-05,6022657.317216156,0.014094196669286727,0.012602595915522886
110,7.263646264536169e-05,6374457.967775861,0.010999178909073624,0.017802168252571502
111,7.36755796593086e-05,5687942.155999796,0.010211752783698725,0.025042625529716988
112,7.257068036652103e-05,6268679.22351812,0.013730697233566114,0.011921034391331145
113,7.188911121965914e-05,5963337.983457504,0.010679673122429456,0.021254040128616716
114,7.331928618135445e-05,6048328.021757471,0.01415616615719286,0.011400076898157821
115,7.256335569022048e-05,6027218.15041426,0.016581303179673695,0.008492102636545477
116,7.174399345392173e-05,6196216.847167812,0.015138866668553397,0.00972849015966063
117,7.400493733018121e-05,5918538.742102451,0.011777139794960034,0.01611593385641953
118,7.165354921467523e-05,5750058.2992450455,0.008630823622648786,0.05246577852763231
119,7.423125157636056e-05,5303452.177454712,0.01145893010478536,0.021846158819819987
120,7.018351457676064e-05,5835091.60919646,0.011678014544799503,0.020527506498603076
121,7.410355399301796e-05,5755380.643206252,0.012277138413473856,0.017163435993561595
122,7.328941138145384e-05,6175886.209055723,0.01061853810814472,0.02054725107579962
123,7.297633126893428e-05,5743964.207591692,0.01576221567546064,0.01062778738317396
124,7.207522097877429e-05,5694337.148271323,0.015645318059348955,0.011060052214952723
125,7.332410287869947e-05,5475282.559183218,0.00945755928635847,0.03580900234134144
126,7.30723151674908e-05,5926005.371459397,0.011485768654053919,0.017288683612463416
127,7.236907555374586e-05,5722839.154205109,0.015231183269817927,0.011036400372690873
128,7.369744609106717e-05,5625617.81455344,0.010104230835067134,0.028621037166837202
129,7.074102284738546e-05,6060676.628005285,0.010020524752217496,0.02693595806956266
130,7.185942479570189e-05,5736511.697688051,0.009243543378070181,0.039637336125443776
131,7.236016531519447e-05,5792703.227475304,0.009969525285715129,0.027643972635763615
132,7.047048003785987e-05,5705651.790072168,0.01057916876541327,0.02692491928334617
133,7.291503288439965e-05,5863465.5982059315,0.010016735312838962,0.028971678182271456
134,7.148633363686423e-05,5563024.9730101405,0.011705022072243304,0.020239758543022415
135,7.088958000188458e-05,6375289.562695382,0.012575755861054931,0.0137677526052521
136,7.51092840299977e-05,5491988.038787571,0.015502913533649472,0.010476688083224262
137,7.134213455447719e-05,5886069.448587118,0.011893764025271281,0.0172969144073708
138,7.198457952815246e-05,5790422.123199743,0.010613153138018038,0.023438705397556648
139,7.380250609653742e-05,5621290.073543956,0.012698262526570253,0.0158078563352457
140,7.305552564905828e-05,5679621.741936898,0.010702835614281998,0.024906249608127786
141,7.307497241773025e-05,5656042.812042184,0.009337682059939841,0.034260674131206585
142,7.046394699694841e-05,5835997.249265388,0.009871605353714029,0.03070247797482486
143,7.373921029111122e-05,5757898.971436744,0.01421593638882623,0.012429626591253903
144,7.110797536141806e-05,6120961.780817996,0.013963561410701708,0.012203753776937238
145,7.076628352268228e-05,5934441.924000069,0.012388456328231618,0.017804344823179892
146,7.256956955891361e-05,5817348.384399568,0.009785314148716005,0.02880147022536564
147,7.104633846504101e-05,6358045.758470315,0.01778709894750078,0.007944198288175703
148,7.149603751260208e-05,6411532.914208183,0.013561596403886895,0.011443280464754136
149,7.52590391626698e-05,5436431.584506148,0.013804325231510822,0.013493526778956181
150,7.057094531209378e-05,6059858.917274994,0.009295031919424584,0.0351031933042836
151,7.009014695210264e-05,5872046.064867041,0.011642930111033024,0.020780927934290223
152,7.258350038517883e-05,6018963.190577454,0.014345539391604913,0.011673329589528056
153,7.27897249828273e-05,6090187.067137626,0.013165052568761791,0.01233259851498181
154,7.391445637460756e-05,5797338.5017829565,0.011946717133380004,0.018053454114623488
155,7.246814215910111e-05,6444400.544441097,0.013506836983360394,0.011337574457058085
156,7.321300613404087e-05,5625026.493529591,0.015017757612266962,0.011368058765658768
157,7.348286344966185e-05,5858845.562467909,0.009266407064172989,0.03379457120818327
158,7.132842447698509e-05,6484518.961858763,0.014493381493612623,0.010625487126963092
159,7.482103538800688e-05,5624068.27866537,0.010590548212305491,0.023927403201553305
160,7.15408970277351e-05,6026985.208946813,0.010574548725618301,0.022572688969284424
161,7.273556225049226e-05,5867141.164384473,0.012119162795385406,0.01775818366473989
162,7.221296330671638e-05,5889674.301645347,0.009136678804946606,0.03410471572397792
163,7.199601317866253e-05,5493357.929867198,0.00909049536237089,0.04518344234758242
164,7.41599086562785e-05,6105536.970237066,0.015957030896920615,0.009249741641323497
165,7.472809747402192e-05,5463287.449848613,0.01315229540746272,0.014889088843549517
166,7.211185269132941e-05,5634896.409299045,0.00990470323080088,0.03337988750763431
167,7.487325039272634e-05,5836957.042440128,0.01121307659461338,0.01874648036112623
168,7.205831420445631e-05,5678236.1159217525,0.009585990438914815,0.031782489835533785
169,7.441556179462391e-05,6119443.233555005,0.013170289419849024,0.012176990619045518
170,7.131566705250582e-05,6192393.6670973515,0.012053672878280394,0.017070969997434376
171,7.212832309495187e-05,6194979.131418962,0.011670792140048465,0.01610466043631631
172,7.278376708626552e-05,6349769.961069859,0.013145815921085189,0.012419774527622383
173,7.193426151932851e-05,6095167.093175194,0.01306992508108907,0.013691023675301079
174,7.246825384120908e-05,6102960.277914608,0.011711323310955346,0.01725690131358632
175,7.20503133678373e-05,5883504.597607887,0.010151602752878313,0.024333943247656708
176,7.11397625823509e-05,5782195.284192708,0.010997900542732902,0.023414892143720223
177,7.393254857887401e-05,5637246.23379203,0.013545056499605246,0.012938657484941366
178,7.388419118624667e-05,5602392.145339171,0.013886162072982995,0.012733514893919926
179,7.118390584411367e-05,5941009.544851154,0.011259807818720255,0.019595497913046756
180,7.352187217232253e-05,5494014.539211204,0.010072294436930654,0.03241552804169942
181,7.35423304849668e-05,5953636.571466768,0.014736460139370359,0.011289410807906054
182,7.170355762156141e-05,6251859.617363186,0.009713711989927645,0.02574456532945269
183,7.154022467569524e-05,5762660.718990295,0.009535789904543627,0.0328076080250974
184,7.473621165942978e-05,5967625.697864993,0.011574854576752128,0.016630614865947
185,7.315456815668327e-05,6014706.07320967,0.015777407868851647,0.009814797357380826
186,7.097912233934387e-05,5722992.30472622,0.010601261126345737,0.026217013113367018
187,7.113868521718072e-05,6451054.600305792,0.015203389377821393,0.0099941874079395
188,7.529754847821747e-05,5578142.009362209,0.010849238618690922,0.021327279040489262
189,7.437365824949681e-05,5361153.3213824425,0.012335867855894297,0.01800388563224295
190,7.455203789838257e-05,5334322.612878814,0.011311642104678589,0.023140006208205676
191,7.169021725804008e-05,5664014.661099651,0.009291257911289,0.03975439113302167
192,7.488783379825095e-05,5764136.50127681,0.012110197712269639,0.0165608804182796
193,7.178763722445591e-05,5829017.235325626,0.014609168011656723,0.012376740802993825
194,7.107454299944457e-05,5568079.915245919,0.011519238340731616,0.021761730424666025
195,7.435251802381737e-05,5449353.962527564,0.010370961471586341,0.028245095240818485
196,7.255487055889583e-05,6309292.946396708,0.012831121322465715,0.012840551083798755
197,7.13544776429616e-05,6074220.364371809,0.016836672848355758,0.009069394914298723
198,7.13303286735768e-05,5780154.465154559,0.013170798657031586,0.015293958011286222
199,7.172287201048527e-05,5890278.508688056,0.012860461649733987,0.014431376304526027
200,7.101082348046368e-05,6359031.452513339,0.012888600162873007,0.014189960460264614
201,7.124668204245026e-05,6151480.351488182,0.011456313175891521,0.017242095973023765
202,7.346352303630296e-05,5616638.754031522,0.015823217410001176,0.010058789494553558
203,7.191937774069059e-05,5909928.369791437,0.010999334270247036,0.019943862687950592
204,7.234177535704608e-05,5852823.634425318,0.009594143896047274,0.033245934615657544
205,7.226675678424141e-05,5772221.137887049,0.011208050891236322,0.022176843712539716
206,7.16860236547548e-05,6129212.703762043,0.010757701445369361,0.020240074917058606
207,7.270851024651704e-05,5406472.329494051,0.009752966323271446,0.037175890871104664
208,7.277712210530876e-05,5921205.70031019,0.013543319471189866,0.01365450499304309
209,7.205196589851873e-05,5478972.80297351,0.008755545914947873,0.05385024401695815
210,7.145959074424315e-05,5515807.241042756,0.010095864065380517,0.0313814568147127
211,7.488988102278562e-05,5661393.409461092,0.01403373167328428,0.01169547075968732
212,7.298561494063561e-05,5860362.617203437,0.020230825378562946,0.006771015915396544
213,7.071356706455174e-05,6376100.143706333,0.011553768046287806,0.017589551179754564
214,7.160965373377936e-05,6341599.1116620125,0.017452308742500082,0.007655906353605338
215,7.388826522625207e-05,5887980.46734447,0.015981070867161322,0.009813581877942953
216,7.479919470425126e-05,5915295.564715613,0.011018173046188025,0.01880212886622059
217,7.235542633702118e-05,5550580.810014185,0.01148145400260785,0.02252346027893746
218,7.212651364364127e-05,6134686.7026653495,0.013228063220620567,0.012688563604776066
219,7.342533288866601e-05,5872615.008406476,0.010625497840728191,0.020890794423448877
220,7.228279581950721e-05,6022094.346850453,0.011415482041327783,0.017882251780339725
221,7.3521207814705e-05,5627890.755766833,0.014842954525117288,0.0117275557657502
222,7.346585403539407e-05,5881344.114715938,0.009216658299625204,0.033897961075751
223,7.225421274671344e-05,5677669.321985587,0.01205292367275299,0.01952578105487407
224,7.012359631852175e-05,6290982.208906215,0.015553874802893511,0.010226504337049639
225,7.401952844771014e-05,6061323.214970011,0.011460731031882585,0.016792068105277235
226,7.377578538757335e-05,5360713.510816782,0.01158322954625994,0.021600673533767774
227,7.231277397809617e-05,5595384.050786592,0.014541426555496416,0.013038194485238436
228,7.359789941218186e-05,5944894.93919392,0.018121500179879346,0.007557214857230716
229,7.15850220731862e-05,5575025.226379178,0.01121578934421342,0.022709490709622242
230,7.18531830328146e-05,6082399.58507318,0.01231637977878078,0.014771820007042606
231,7.284816778222024e-05,6210688.594603626,0.02019258917573871,0.0064063022898583994
232,7.256089818780115e-05,5508981.774688621,0.009997919080634198,0.031108518625700864
233,7.222451835204933e-05,5785188.5077156145,0.008775715878920952,0.041905725014857176
234,7.141821615380442e-05,5958275.733457467,0.013065278457497775,0.014218578841491221
235,7.231436442240485e-05,5928199.530171385,0.010779356281486997,0.021960705800954678
236,7.29579182607313e-05,5655132.835095152,0.011247171777948147,0.021685433227122873
237,7.307680572636668e-05,6221559.012466347,0.015955034506317467,0.008813100794360911
238,7.290864338575526e-05,5892025.690771712,0.010423037899984814,0.024804929273108216
239,7.378759916515678e-05,5654614.140838718,0.009362541372729193,0.03409571958609448
240,7.34039746667874e-05,5487867.421092122,0.010706279915996934,0.024965954154901906
241,7.171859281499121e-05,6301173.380053797,0.011322782568330013,0.017179319138942765
242,7.13344290105314e-05,5686436.334510628,0.010738967942254134,0.025922946536611417
243,7.47349562426204e-05,5911754.303683404,0.011284880942027297,0.018238335175202694
244,7.06680624488179e-05,5947399.694100303,0.009526685417169091,0.033063337485720636
245,7.245615299253905e-05,5823747.7507679155,0.010179268824621245,0.027597441113138776
246,7.243943389872012e-05,6039195.714370189,0.012543425720567755,0.015001285975022467
247,7.156004916995233e-05,6074937.60476284,0.010587446730740514,0.02146911708130958
248,7.227790401380789e-05,6022386.554049682,0.01465537367252586,0.01055459042025127
249,7.326785265558153e-05,5722249.565481989,0.010119741677111996,0.02737360165914448
250,7.46637042462173e-05,5766868.330634672,0.015196528190965748,0.010508949093518238
251,7.102869488427712e-05,5976563.533403127,0.011433842091149865,0.019670915519261794
252,7.171239809588363e-05,6340311.817503276,0.01732790827645494,0.007877353522386788
253,7.180492677522695e-05,6315616.0578956185,0.017386080012828722,0.008306470053770543
254,7.127481829153435e-05,5720901.346363713,0.0095239309099324,0.03922526889720969
255,7.090161088429052e-05,6122607.44635009,0.00929291978795777,0.03349550661233178
256,7.176639963610866e-05,5632367.613850567,0.009122508645103944,0.041322378209483375
257,7.124765835931457e-05,6156161.8948880695,0.011461839329395665,0.019327284093564726
258,7.171353954883855e-05,5811963.031256427,0.01787343740116771,0.008445120439529434
259,7.530499811578116e-05,5850663.848223622,0.013959559591972788,0.011765437150847054
260,7.224854858119337e-05,5640569.043935735,0.010569801782041007,0.02543471681013109
261,7.204716919362378e-05,6460271.536925442,0.011325671809673095,0.01672963337968311
262,7.335710835417293e-05,5907054.826621637,0.015792353549831183,0.009637508928215618
263,7.27507140265293e-05,5650279.4070702335,0.011641982224350436,0.020406201326399212
264,7.296621682877747e-05,5735123.327125023,0.00988744958320503,0.032036832789912484
265,7.135924649764403e-05,6164106.973604704,0.013483998989843093,0.012744083223104935
266,7.201944389236422e-05,5657304.6510300245,0.010778299641991142,0.02567528595084279
267,7.064412500211876e-05,5662359.134753752,0.01007132449916412,0.03089301284219306
268,7.29626264027729e-05,5695116.341889593,0.012393600761307254,0.01575824736176145
269,7.27157109026527e-05,5344065.170471426,0.012097589663178948,0.020671024247312278
270,7.285451086502531e-05,6168136.529040771,0.014594220184226236,0.010535770084678582
271,7.447227061072254e-05,5532276.84385092,0.011238709433956655,0.020931548757584757
272,7.141253935243583e-05,6279157.565973797,0.010262868471906593,0.022485698401501053
273,7.255913019158495e-05,6114430.626469792,0.01687519787244642,0.008967113123920985
274,7.318859068891384e-05,5821244.9477278935,0.009633571572538767,0.030405488896019742
275,7.33139477590946e-05,5463606.927381193,0.013723247101575225,0.013725977546184943
276,7.16216014577164e-05,5712199.300999522,0.010533668398718566,0.024761128508305176
277,7.22833836268983e-05,5823746.100534938,0.012725638827371231,0.014390289982977445
278,7.308652855727317e-05,5314825.288057001,0.00986781906460862,0.03645544368108424
279,7.118749449702493e-05,6151790.871970681,0.01699222893973784,0.008384488764626838
280,7.220654036735753e-05,6345188.550098509,0.01208582127352361,0.01546749058367735
281,7.305652628149493e-05,5927114.393177591,0.011115729512658547,0.01982270111358505
282,7.22981304488196e-05,6348460.20050562,0.01334591358712905,0.011827684115469278
283,7.401161039717425e-05,6133469.08605715,0.012886960529476743,0.013363442239660529
284,7.062334573320756e-05,6313700.82496609,0.014499136800338427,0.011407172083650882
285,7.025786879479472e-05,6066839.9945594445,0.012122901325651261,0.01722150589494414
286,7.278155441548774e-05,6330178.697430757,0.015062623082802748,0.009251512917589065
287,7.171870324184531e-05,5759962.234245552,0.009821321930097802,0.033908386983779765
288,7.192395253898667e-05,6286030.671812884,0.014563329479804939,0.010792869351704681
289,7.349549482639842e-05,5916977.165459348,0.01115722899553723,0.017949931350828438
290,7.164444376036861e-05,5782065.4453349775,0.009590314752962717,0.031143203412822326
291,7.050726406580422e-05,5980370.99029677,0.011394075571929032,0.02007672928121445
292,7.292098367757863e-05,6158053.602166062,0.010339736538893762,0.021679008281551723
293,7.51410478831279e-05,5443745.279454992,0.012381966655331967,0.016411052177107244
294,7.141678220916718e-05,6016497.055817793,0.009641406097390932,0.029571869352387998
295,7.16906953308247e-05,5755192.4212671565,0.013896151433133119,0.013935797747207783
296,7.093821485702867e-05,6328207.806024827,0.011712675426971901,0.01680128736297337
297,7.3966411679086e-05,5313878.083447128,0.009793115907381756,0.03617109056156241
298,7.266670573998185e-05,6292686.710370879,0.010724197187126139,0.01931911764673324
299,7.15105742386383e-05,5492907.117334878,0.010513067465042783,0.028500730323784994
300,7.144416440449363e-05,5756283.714436397,0.008991990924729952,0.04075196828507339
301,7.130748119556115e-05,5817870.068730275,0.008719813831257663,0.050489878252275876
302,7.191279512289557e-05,5519720.950274377,0.009667501048401512,0.038179777798807005
303,7.281372439206725e-05,5575263.052926795,0.008788379337870179,0.05023147272268954
304,7.348714526894573e-05,6185587.650145802,0.012203094200378191,0.014015450609333627
305,7.314172653285453e-05,5494285.841643037,0.012314441460960824,0.017109124162886926
306,7.204737808894275e-05,6055720.995633611,0.014956839274933544,0.010857178506334265
307,7.206300962177994e-05,5378739.996462852,0.01042138178726069,0.031167369100761223
308,7.249401981476058e-05,5889467.3293457655,0.011636680758953504,0.01974738537306761
309,7.234848458021994e-05,6366096.724340459,0.013987429431913147,0.011252888441128525
310,7.554631270822478e-05,5841708.136882621,0.014098887871677648,0.011382263433038855
311,7.227012834243261e-05,5581747.114718427,0.01075955459591101,0.025838461061019998
312,7.318568917955968e-05,5491869.172690943,0.008779554685081552,0.049961638868368775
313,7.074509669920504e-05,6404265.52295427,0.015263310599495723,0.010384235184305823
314,7.29327521537347e-05,5886352.970731642,0.008920734811594078,0.039167385329246726
315,7.177938820776389e-05,5903767.9784405725,0.012708035307143256,0.014543560583050058
316,7.337834130696997e-05,5645365.409016418,0.009002910608008431,0.04095914747568591
317,7.16060322299e-05,5792761.3658279,0.009842914413409334,0.028601518524943813
318,7.144396144763806e-05,5582670.897889067,0.009487567658623014,0.0369770540509426
319,7.506971890573766e-05,5577321.7504744865,0.011385697045328422,0.019647432419698598
320,7.059947310093253e-05,6208237.925128415,0.01427774423714296,0.012412033200196569
321,7.537351536508107e-05,5830689.057134151,0.016044981741582812,0.00908182624625083
322,7.518558720478533e-05,5361771.578496524,0.01184985584314692,0.019112755124516864
323,6.997745952244678e-05,6086508.432222498,0.012467671442090687,0.016417650101542683
324,7.232549468799782e-05,6196500.769460631,0.01942704307936921,0.00668908401072968
325,7.138038992423545e-05,5827511.124484311,0.01347205188099056,0.014864381388111185
326,7.272630554856367e-05,5577089.177240852,0.013513941007582934,0.015030004381278586
327,7.336669769617394e-05,5453769.680332788,0.010217459217246021,0.029170129418060135
328,7.422406913675887e-05,5620340.049990985,0.009404130426360218,0.03409205948019539
329,7.137210009686354e-05,6366404.759123733,0.010293791435768924,0.022218952137367666
330,7.194522476096901e-05,5629120.546172318,0.009480607276170004,0.03926130094926136
331,7.25006463467132e-05,6067545.328150718,0.01693717807908941,0.008223934444876504
332,7.197270529156205e-05,5882969.767982443,0.012197990778741724,0.017929111525120688
333,7.516996554240608e-05,5735408.048522226,0.015193535490062055,0.010456311024442694
334,7.46537503743577e-05,5829667.338329414,0.014265081961737095,0.011232669368666617
335,7.453412632788082e-05,5772759.785608842,0.016210810099298888,0.009006811243950412
336,7.135627449931702e-05,5489089.126969869,0.009226371636968038,0.045519142159233465
337,7.193020867958048e-05,6138204.288551277,0.009618933669336638,0.028578654930681596
338,7.245701385159095e-05,6338227.71903272,0.012710986396082164,0.013781469727305137
339,7.235089579400345e-05,6397396.4424128635,0.011339213647662468,0.01666037708849997
340,7.251210834046445e-05,5979642.060685312,0.015504595418598062,0.01018240512003303
341,7.246442911793935e-05,5353870.634831406,0.008992827290433995,0.05504398374782151
342,7.449551218478568e-05,5677618.918972777,0.015024301789801318,0.011147914692478392
343,7.101133464104782e-05,6427028.18189012,0.013194922438473537,0.012316127942939327
344,7.254476787436006e-05,5460588.844472328,0.009063426044340994,0.04590418436345488
345,7.226621641077515e-05,5794923.974554386,0.011946057514888715,0.016970054423505535
346,7.365290423449352e-05,5918972.662052795,0.01147629394272338,0.01875736704187206
347,7.183348407606842e-05,5770076.2020734465,0.009523920586237805,0.034464646633475676
348,7.265118010887502e-05,6178949.178433251,0.015402391203621267,0.010309222675868993
349,7.144749897688755e-05,6579570.42197467,0.013773453406207465,0.011361254820032224
350,7.50262651298231e-05,5965350.303175235,0.012404066810434003,0.014237396025703099
351,7.460425741005781e-05,5797651.865034595,0.01182423125855851,0.017128187242161304
352,7.293730081415625e-05,5444396.852186775,0.009061786101818774,0.04846878208928084
353,7.137528983590628e-05,6004663.444630826,0.014426758084961272,0.011537346260197394
354,7.297602570459596e-05,5621986.700184561,0.013097570571386281,0.014474980680735088
355,7.155553597632824e-05,5495544.317956839,0.010688695664634002,0.029084098602522677
356,7.200737608004919e-05,5648127.799388675,0.011580520215966731,0.02226128204982871
357,7.110769224389099e-05,6079315.090011502,0.009683024231634463,0.030161918152226515
358,7.038015571887574e-05,6071421.194892082,0.012429550910430041,0.016867656076788078
359,7.032425356802961e-05,6332086.478509996,0.016064023581757125,0.009626789353169227
360,7.144944057320621e-05,6251474.425933964,0.011889266573931488,0.016491734890158913
361,7.215302091239422e-05,5830257.942970293,0.01316213727481299,0.01458049796425265
362,7.112991382527099e-05,6201234.858483853,0.012237564574710622,0.016139495702481618
363,7.397743088782184e-05,5804771.078030979,0.01571089927021902,0.00995376509558904
364,7.332070986545713e-05,5563200.351291335,0.009236184460956767,0.03752060497139023
365,7.402804838020196e-05,5773232.863943011,0.011023708983831263,0.01912823694212917
366,7.162692725764076e-05,6207619.093196701,0.018571759778796552,0.007250284358010997
367,7.211380037585346e-05,6023408.360470649,0.01424403010103191,0.011317781703066852
368,7.148622780689821e-05,5638556.433743607,0.010672518817998626,0.02685048101514535
369,7.100409897323476e-05,6193731.391267235,0.012384155571484907,0.015893922296250758
370,7.055515520242187e-05,6345166.997502687,0.01226885476687188,0.014736417427707517
371,7.257550677772291e-05,5916907.142420857,0.010518294926915448,0.023853044588545598
372,7.181360357898939e-05,5966876.524016721,0.01614000073827671,0.010106981592184313
373,7.229099447707392e-05,5923558.542342124,0.009139848546541969,0.03614072308970107
374,7.209494865870394e-05,6087883.17303143,0.016346252988975036,0.009027954943508307
375,7.069076090194359e-05,6074219.637340544,0.011895819320115322,0.01665574508539508
376,7.430406168266924e-05,5727776.898172743,0.010508911670415195,0.024270520026666093
377,6.996446566161297e-05,6334981.512603421,0.01166401908548508,0.017360162564969507
378,7.159335545411382e-05,5830076.201970652,0.008945178289105356,0.0410922441477892
379,7.355480305577846e-05,5783438.031333749,0.0110110953707603,0.019681303202896523
380,7.251308701490148e-05,6037246.758903925,0.010987859260415556,0.01988897270420792
381,7.034371317423741e-05,5820871.502548661,0.009751637768315488,0.032713371141465955
382,7.077961470953435e-05,6310221.9128689105,0.015064706701098822,0.010423206866708347
383,7.150924114225708e-05,5799764.675122531,0.008561276587240416,0.05069818103331197
384,7.074634847402376e-05,6222110.433613813,0.018603347189654403,0.007598793214891351
385,7.151522103594173e-05,5633948.478620198,0.01057818153484795,0.025936430640950633
386,7.199390518177735e-05,6220056.16440827,0.0183079116508317,0.007667427790515914
387,7.300933282055e-05,5984715.366415817,0.009868765489141434,0.024918517194730178
388,7.14209229176812e-05,6520163.897148424,0.016353229992015467,0.008349565282432584
389,7.088082284829446e-05,5900044.4802314155,0.009659345295735427,0.030258428575430603
390,7.158487563123818e-05,6444163.144291362,0.014758601534910577,0.00986969978971151
391,7.363655167981165e-05,5838887.452086986,0.010778951320261822,0.022040142219196954
392,7.2257818579461e-05,6137744.957421469,0.009979265092722293,0.02369302707113619
393,7.208986321246358e-05,5633024.36374053,0.011389501754228589,0.019986594670940494
394,7.118716621544109e-05,5639538.226513157,0.010782562662717023,0.025229941498397565
395,7.394965993171224e-05,5894299.232666921,0.014774541938287072,0.010849047607073035
396,7.338453250728115e-05,5818901.6545439605,0.018520664271734176,0.00793489189033771
397,7.243811800642326e-05,6103075.919720321,0.01760218565688874,0.008351290122853358
398,7.14974803260457e-05,5697309.879989661,0.01054159498254922,0.027569891085901178
399,7.179167306595077e-05,5796056.129402121,0.008817642156340726,0.04784214630487466
400,7.385078177305282e-05,6035912.446904675,0.010781149499758592,0.019754749215535654
401,7.413882781759612e-05,5689978.777915899,0.009663975154888258,0.03169695176806728
402,7.186466007909681e-05,5697939.937310478,0.014614882239039662,0.0123966808516754
403,7.170100781148786e-05,6497085.306898404,0.014857187690014623,0.010173054322195797
404,7.266054482131038e-05,5649394.506454452,0.010817916942608502,0.022767763509130384
405,7.22973907725717e-05,5996860.676451157,0.012008578588294495,0.01789018264097218
406,7.413019892553008e-05,5324785.818939404,0.011287732589507094,0.022145640565887144
407,7.448203191704046e-05,5877557.216367943,0.014669374853150882,0.010338625918593318
408,7.319616776211645e-05,5757779.637013459,0.009870890070927951,0.027855353913491383
409,7.236104981064403e-05,5531035.580129697,0.010052205924575149,0.03258974772346292
410,7.170594966246936e-05,5610569.180843228,0.008569898404277802,0.05681543883765657
411,7.4147746079196e-05,6215862.342669979,0.013170714236778975,0.012089739349564775
412,7.468487261580319e-05,5609360.099358447,0.013338887151947953,0.014550198062547044
413,7.280826597618835e-05,5596184.973783071,0.012029585773062682,0.018199993482652964
414,7.216288340826357e-05,6159757.098915342,0.010556482267242422,0.020970331111034808
415,7.389127642912354e-05,5832158.762163092,0.016401806158638944,0.009488055575430365
416,7.106152211441574e-05,5922084.469367799,0.00978795178800043,0.028443343101348956
417,7.317757188329694e-05,5782540.661846265,0.011404457522906856,0.021008836770529195
418,7.314295987599271e-05,6006739.923059289,0.013315034188276838,0.012566940448114997
419,7.347175597454192e-05,5861594.35676563,0.009849266321981891,0.02752716910117328
420,7.342028558768519e-05,5625862.2214828245,0.008899722631975337,0.04191488199473708
421,7.244919063476654e-05,5702480.6772477,0.009342976316372846,0.038143116055542534
422,7.171441670348652e-05,5820786.244077297,0.012303417285817554,0.016507146604985416
423,7.471576935445285e-05,5795468.058443691,0.011188618565425548,0.019435333058496707
424,6.995189923587842e-05,5904064.849760795,0.011111711357655036,0.022421969287464736
425,7.327611672605629e-05,5678961.615393745,0.01043775285768629,0.02550719319870017
426,7.199543294387126e-05,5659400.987405731,0.011206029620808218,0.023023854709020426
427,7.242819840542381e-05,5665734.695818752,0.008469623114384308,0.05853161967296848
428,7.277766693253296e-05,5468087.602107928,0.011955088646364308,0.02092313532800466
429,7.071592201333436e-05,5598043.874680558,0.009825287209524034,0.03616546424476171
430,7.230587692240021e-05,5594918.084794866,0.012000188281609717,0.01780429679399886
431,7.497849008376189e-05,5648120.0222453335,0.01740485315007227,0.008369130193280557
432,7.29752433394952e-05,5983191.607787393,0.01842740155295253,0.007257501515630855
433,7.121029096219176e-05,6009745.24739659,0.016021780207456447,0.009949061556925536
434,7.098120618082539e-05,5955720.046448849,0.013783130928440076,0.012694414315513616
435,7.191587870202063e-05,5781904.10800335,0.009777565082464832,0.03375548540437541
436,7.120092511341294e-05,5848376.405836751,0.009388940315192182,0.036938693442548076
437,7.164542316462977e-05,5570935.395881486,0.01286207210546839,0.016963483071630286
438,7.152199893628849e-05,6035929.610838104,0.012253103860564492,0.015160095744581803
439,7.352894809601441e-05,5415393.668679825,0.014833258359527424,0.012342668785386535
440,7.251299354062531e-05,6175258.641091726,0.017790239201242772,0.007816363555841362
441,7.396050289346037e-05,6321458.257790932,0.0175513265482,0.007311245550195392
442,7.139086593897656e-05,5670280.563051112,0.008597672338305745,0.057218016534632585
443,7.05453267219354e-05,5930770.328537278,0.010167484038573605,0.028053586532771776
444,7.350451672966377e-05,5722934.670651263,0.009060233630773257,0.03668545471964321
445,7.293973795240177e-05,5938564.560613484,0.018397597198153447,0.007449885973820263
446,7.346135726727847e-05,6055615.981977283,0.015577156792712678,0.010047052253704924
447,7.039873111685369e-05,5771602.9010361275,0.011711065986682265,0.020620176700786856
448,7.162077328392779e-05,6152145.937630846,0.015904945762625664,0.009352198687321952
449,7.23575306146197e-05,5434594.568231072,0.009296227927039076,0.043209223484784946
450,7.0694296462379e-05,5772599.326372009,0.013519910703077776,0.014831553707301133
451,7.170247220418481e-05,6594563.391183859,0.016588856795507128,0.007987134959227754
452,7.338081280880033e-05,5879174.689792569,0.009759851358390949,0.027532662330612218
453,7.080528012458628e-05,5919394.511960205,0.01462320043822141,0.0117848410558291
454,7.17465824524114e-05,6024314.655278768,0.012623242859239188,0.015877456603348942
455,7.037367988348177e-05,6230647.203684407,0.011619737478810142,0.017185652292661023
456,7.30086884341663e-05,5413773.478476436,0.011061848988881746,0.024338190779636573
457,7.204990971600178e-05,5579285.702862532,0.009189237393693343,0.044290476295159004
458,7.507810552727796e-05,5806352.683940729,0.01634910169115656,0.00904208676520654
459,7.138345078868794e-05,5881460.818405454,0.015862885288049324,0.010127968249623394
460,7.189541152517882e-05,5394499.164552807,0.009829508647359028,0.03873420033472978
461,7.086041735876996e-05,5940332.514565427,0.009746656981397508,0.03018503053838604
462,7.031794912537623e-05,6350837.186164809,0.017744319372445663,0.008051293500384972
463,7.174011133020199e-05,6410491.247692433,0.0156071046012397,0.009406224457604823
464,7.14914142939438e-05,5578174.648099907,0.012150120837940263,0.019855287486739235
465,7.224999467480802e-05,6087031.743004477,0.009723996538083226,0.026415101904407563
466,7.172523029122119e-05,5691651.414692242,0.010724086749415239,0.025785813948177104
467,7.273401305124196e-05,6046667.062328959,0.019791326057471838,0.0068398453135918155
468,7.337378954699475e-05,5699679.058416836,0.00961905078908473,0.03039777650882363
469,7.385240703074712e-05,5563759.108307278,0.014764048198594597,0.011924642812255037
470,7.380105840450264e-05,5459589.738757686,0.010211938379002628,0.028408140028545022
471,7.282534139657363e-05,6322807.979290894,0.01761153910863549,0.007406496729257414
472,7.503617483581681e-05,5813569.690863812,0.01861779589379171,0.007219930856623189
473,7.207690751825837e-05,5622006.928571902,0.01093033947014557,0.02406067642089037
474,7.256879180194903e-05,5491718.863758685,0.014789701063665766,0.012722693829455851
475,7.088292648025158e-05,6000891.422410799,0.010114958581141538,0.027220561964826234
476,7.283870164576786e-05,5844326.94193505,0.011864610967933523,0.018348739670895342
477,7.403932409948614e-05,5858034.329158316,0.01150117149090214,0.017427996454005303
478,7.331966346125712e-05,5672039.505916217,0.008827539893594537,0.044032316597826714
479,7.407853125658239e-05,5663563.034287183,0.013903118124932268,0.013353644987013979
480,7.288633402114388e-05,5837092.376080741,0.013461139375697897,0.01364049434524749
481,7.46302437035173e-05,5454891.98116678,0.009907875168037213,0.029605389592722242
482,7.067057736852992e-05,5759189.659082126,0.010139426976004059,0.03174937265442565
483,7.174757045302512e-05,5826574.813565118,0.01522212464267583,0.011317789616811087
484,7.33728898458499e-05,6310561.625384399,0.018601390018986082,0.006625481883125633
485,7.242316537212239e-05,5969237.892038123,0.009754804525732057,0.027061593827720026
486,7.371839960078241e-05,5502806.786609746,0.010337506967262473,0.0291985837215131
487,7.349032982666722e-05,5884655.101458717,0.010634132811211932,0.02195821237808551
488,7.29538345046405e-05,6293886.218196037,0.013810642999182225,0.011300475035840949
489,7.30245514981038e-05,5632889.225717347,0.012130678898601525,0.018017906159964597
490,7.224982427068656e-05,5746089.964677898,0.009795562308545414,0.02945135164930941
491,7.340212507991771e-05,5461672.330441457,0.009856368068687808,0.03430095954153904
492,7.309782330518887e-05,5383454.071785603,0.009610596183121798,0.0408354846660827
493,7.235919998274373e-05,6349240.112024263,0.016858467861809518,0.00805444241330791
494,7.191442211762233e-05,6246628.62247073,0.018708698582762123,0.007100008898655216
495,7.297087099489742e-05,5616398.260946886,0.011397500994096104,0.020304488227656348
496,7.271712990429812e-05,5787472.56773539,0.018091373204528128,0.0080228984882998
497,7.18292565299666e-05,6032137.865101992,0.011233045160455412,0.020356839705613083
498,7.071431054752891e-05,5843541.848523472,0.011116782576238507,0.021141392696049623
499,7.243692377950092e-05,6049401.258692798,0.012067249576554773,0.01653040363215383
500,7.341894017094521e-05,5730558.887822416,0.009469387648373972,0.03360917462524101
501,7.447373520568407e-05,5712985.851315171,0.010579169153281637,0.023442700427393392
502,7.359904753995063e-05,5657402.58635335,0.008848167077002186,0.04406483508742252
503,7.437534681754054e-05,5845819.899796086,0.012261925044697072,0.016328833410596235
504,7.147910721202105e-05,5848898.910663992,0.008975270718708963,0.04259582320507045
505,7.298273329974211e-05,5535099.330369764,0.008781287105474066,0.050950743909922255
506,7.277047893840346e-05,6150614.711459969,0.01371580108532994,0.012753359213810595
507,7.185374923099088e-05,6032414.492664658,0.013417807191795975,0.013227746534388298
508,7.236357117892787e-05,5980553.085080487,0.013227478651170682,0.013687699434032544
509,7.055970822059077e-05,5845378.598590185,0.010993273420014636,0.022734817404745727
510,7.401835712582527e-05,6036718.372235995,0.01120583283118513,0.017708777941298146
511,7.284775587052968e-05,5483173.427130233,0.009787271871478573,0.03310880084383572
512,7.206046742018414e-05,5605666.410653192,0.009232090409722737,0.044257017859967954
513,7.388634111014414e-05,5744142.375828601,0.01690905472567407,0.009008344847637321
514,7.063799875654227e-05,6205737.617725321,0.014247680222081276,0.012328916307079319
515,7.056877332408622e-05,5921127.367791583,0.011851406488808423,0.018759793603470305
516,7.424630163883803e-05,5375878.253477281,0.01022565815998581,0.029732095929214674
517,7.028468075056771e-05,5877571.229498666,0.009700977090031834,0.03251428100667242
518,7.256632780766478e-05,5905636.488052657,0.010872143994051947,0.01981892155206824
519,7.171930708860922e-05,5851466.99365772,0.010491286728178919,0.025784252764696494
520,7.304475724694224e-05,6464180.738931403,0.017269875605730636,0.007381171494048606
521,7.463290447888866e-05,5720213.654479339,0.014283177572886885,0.012172175306569118
522,7.101730653051896e-05,5668657.650142015,0.012755840337171578,0.017308708089664566
523,7.534897668176873e-05,5814723.867907359,0.014025268211200974,0.011346196718953554
524,7.299598888877526e-05,5987929.313625915,0.014234042680925988,0.010913314866524804
525,7.359114075113195e-05,6056511.238321182,0.014046998425275327,0.011369328585131021
526,7.132502477044973e-05,6235410.378803884,0.013319094663436254,0.013566293525150229
527,7.148106368621233e-05,6011943.827983697,0.013006264232716096,0.014548999544519018
528,7.150735791796721e-05,6050402.576508626,0.009015497863660975,0.03645067548252853
529,7.369781526247086e-05,6088811.721953916,0.011248445958049072,0.016753339139983302
530,7.105685113036589e-05,5833826.531638713,0.016289629851794694,0.01016216105374474
531,7.376930704915175e-05,5375131.868061189,0.009258866771726437,0.044678840661817217
